﻿{
    "model": {
      "type": "minecraft:range_dispatch",
      "property": "minecraft:custom_model_data",
      "entries": [
        {
          "threshold": 1,
          "model": {
            "type": "minecraft:model",
            "model": "minecraft:item/randomgem"
          }
        },
        {
          "threshold": 2,
          "model": {
            "type": "minecraft:model",
            "model": "minecraft:item/airgem"
          }
        },
        {
          "threshold": 3,
          "model": {
            "type": "minecraft:model",
            "model": "minecraft:item/firegem"
          }
        },
        {
          "threshold": 4,
          "model": {
            "type": "minecraft:model",
            "model": "minecraft:item/healgem"
          }
        },
        {
          "threshold": 5,
          "model": {
            "type": "minecraft:model",
            "model": "minecraft:item/icegem"
          }
        },
        {
          "threshold": 6,
          "model": {
            "type": "minecraft:model",
            "model": "minecraft:item/irongem"
          }
        },
        {
          "threshold": 7,
          "model": {
            "type": "minecraft:model",
            "model": "minecraft:item/lavagem"
          }
        },
        {
          "threshold": 8,
          "model": {
            "type": "minecraft:model",
            "model": "minecraft:item/lightgem"
          }
        },
        {
          "threshold": 9,
          "model": {
            "type": "minecraft:model",
            "model": "minecraft:item/sandgem"
          }
        },
        {
          "threshold": 10,
          "model": {
            "type": "minecraft:model",
            "model": "minecraft:item/strenghtgem"
          }
        },
        {
          "threshold": 11,
          "model": {
            "type": "minecraft:model",
            "model": "minecraft:item/watergem"
          }
        },
        {
          "threshold": 12,
          "model": {
            "type": "minecraft:model",
            "model": "minecraft:item/affluence"
          }
        },
        {
          "threshold": 13,
          "model": {
            "type": "minecraft:model",
            "model": "minecraft:item/poison"
          }
        },
        {
          "threshold": 14,
          "model": {
            "type": "minecraft:model",
            "model": "minecraft:item/ruin"
          }
        },
        {
          "threshold": 15,
          "model": {
            "type": "minecraft:model",
            "model": "minecraft:item/shulker"
          }
        },
        {
          "threshold": 16,
          "model": {
            "type": "minecraft:model",
            "model": "minecraft:item/wither"
          }
        },
        {
          "threshold": 17,
          "model": {
            "type": "minecraft:model",
            "model": "minecraft:item/amethyst"
          }
        },
        {
          "threshold": 18,
          "model": {
            "type": "minecraft:model",
            "model": "minecraft:item/ender"
          }
        },
        {
          "threshold": 19,
          "model": {
            "type": "minecraft:model",
            "model": "minecraft:item/brezze"
          }
        },
        {
          "threshold": 20,
          "model": {
            "type": "minecraft:model",
            "model": "minecraft:item/magic"
          }
        },
        {
          "threshold": 21,
          "model": {
            "type": "minecraft:model",
            "model": "minecraft:item/mech"
          }
        }
      ],
      "fallback": {
        "type": "minecraft:model",
        "model": "minecraft:item/emerald"
      }
    }
  }
