{
    "model": {
        "type": "range_dispatch",
        "property": "custom_model_data",
        "fallback": {
            "type": "model",
            "model": "item/amethyst_shard"
        },
        "entries": [
            {
                "threshold": 1,
                "model": {
                    "type": "model",
                    "model": "item/amethyst_shard/1"
                }
            },
            {
                "threshold": 3,
                "model": {
                    "type": "model",
                    "model": "item/amethyst_shard/3"
                }
            },
            {
                "threshold": 5,
                "model": {
                    "type": "model",
                    "model": "item/amethyst_shard/5"
                }
            },
            {
                "threshold": 7,
                "model": {
                    "type": "model",
                    "model": "item/amethyst_shard/7"
                }
            },
            {
                "threshold": 9,
                "model": {
                    "type": "model",
                    "model": "item/amethyst_shard/9"
                }
            },
            {
                "threshold": 11,
                "model": {
                    "type": "model",
                    "model": "item/amethyst_shard/11"
                }
            },
            {
                "threshold": 13,
                "model": {
                    "type": "model",
                    "model": "item/amethyst_shard/13"
                }
            },
            {
                "threshold": 21,
                "model": {
                    "type": "model",
                    "model": "item/amethyst_shard/21"
                }
            },
            {
                "threshold": 23,
                "model": {
                    "type": "model",
                    "model": "item/amethyst_shard/23"
                }
            },
            {
                "threshold": 25,
                "model": {
                    "type": "model",
                    "model": "item/amethyst_shard/25"
                }
            },
            {
                "threshold": 27,
                "model": {
                    "type": "model",
                    "model": "item/amethyst_shard/27"
                }
            },
            {
                "threshold": 29,
                "model": {
                    "type": "model",
                    "model": "item/amethyst_shard/29"
                }
            },
            {
                "threshold": 31,
                "model": {
                    "type": "model",
                    "model": "item/amethyst_shard/31"
                }
            },
            {
                "threshold": 33,
                "model": {
                    "type": "model",
                    "model": "item/amethyst_shard/33"
                }
            },
            {
                "threshold": 41,
                "model": {
                    "type": "model",
                    "model": "item/amethyst_shard/41"
                }
            },
            {
                "threshold": 43,
                "model": {
                    "type": "model",
                    "model": "item/amethyst_shard/43"
                }
            },
            {
                "threshold": 45,
                "model": {
                    "type": "model",
                    "model": "item/amethyst_shard/45"
                }
            },
            {
                "threshold": 47,
                "model": {
                    "type": "model",
                    "model": "item/amethyst_shard/47"
                }
            },
            {
                "threshold": 49,
                "model": {
                    "type": "model",
                    "model": "item/amethyst_shard/49"
                }
            },
            {
                "threshold": 51,
                "model": {
                    "type": "model",
                    "model": "item/amethyst_shard/51"
                }
            },
            {
                "threshold": 53,
                "model": {
                    "type": "model",
                    "model": "item/amethyst_shard/53"
                }
            },
            {
                "threshold": 61,
                "model": {
                    "type": "model",
                    "model": "item/amethyst_shard/61"
                }
            },
            {
                "threshold": 63,
                "model": {
                    "type": "model",
                    "model": "item/amethyst_shard/63"
                }
            },
            {
                "threshold": 65,
                "model": {
                    "type": "model",
                    "model": "item/amethyst_shard/65"
                }
            },
            {
                "threshold": 67,
                "model": {
                    "type": "model",
                    "model": "item/amethyst_shard/67"
                }
            },
            {
                "threshold": 69,
                "model": {
                    "type": "model",
                    "model": "item/amethyst_shard/69"
                }
            },
            {
                "threshold": 71,
                "model": {
                    "type": "model",
                    "model": "item/amethyst_shard/71"
                }
            },
            {
                "threshold": 73,
                "model": {
                    "type": "model",
                    "model": "item/amethyst_shard/73"
                }
            },
            {
                "threshold": 81,
                "model": {
                    "type": "model",
                    "model": "item/amethyst_shard/81"
                }
            },
            {
                "threshold": 83,
                "model": {
                    "type": "model",
                    "model": "item/amethyst_shard/83"
                }
            },
            {
                "threshold": 85,
                "model": {
                    "type": "model",
                    "model": "item/amethyst_shard/85"
                }
            },
            {
                "threshold": 87,
                "model": {
                    "type": "model",
                    "model": "item/amethyst_shard/87"
                }
            },
            {
                "threshold": 89,
                "model": {
                    "type": "model",
                    "model": "item/amethyst_shard/89"
                }
            },
            {
                "threshold": 91,
                "model": {
                    "type": "model",
                    "model": "item/amethyst_shard/91"
                }
            },
            {
                "threshold": 93,
                "model": {
                    "type": "model",
                    "model": "item/amethyst_shard/93"
                }
            },
            {
                "threshold": 95,
                "model": {
                    "type": "model",
                    "model": "item/amethyst_shard/95"
                }
            },
            {
                "threshold": 97,
                "model": {
                    "type": "model",
                    "model": "item/amethyst_shard/97"
                }
            },
            {
                "threshold": 117,
                "model": {
                    "type": "model",
                    "model": "item/amethyst_shard/99"
                }
            },
            {
                "threshold": 137,
                "model": {
                    "type": "model",
                    "model": "item/amethyst_shard/101"
                }
            },
            {
                "threshold": 157,
                "model": {
                    "type": "model",
                    "model": "item/amethyst_shard/103"
                }
            },
            {
                "threshold": 177,
                "model": {
                    "type": "model",
                    "model": "item/amethyst_shard/105"
                }
            }
        ]
    }
}