{
    "model": {
        "type": "range_dispatch",
        "property": "custom_model_data",
        "fallback": {
            "type": "model",
            "model": "item/prismarine_shard"
        },
        "entries": [
            {
                "threshold": 2,
                "model": {
                    "type": "model",
                    "model": "item/prismarine_shard/2"
                }
            },
            {
                "threshold": 4,
                "model": {
                    "type": "model",
                    "model": "item/prismarine_shard/4"
                }
            },
            {
                "threshold": 6,
                "model": {
                    "type": "model",
                    "model": "item/prismarine_shard/6"
                }
            },
            {
                "threshold": 8,
                "model": {
                    "type": "model",
                    "model": "item/prismarine_shard/8"
                }
            },
            {
                "threshold": 10,
                "model": {
                    "type": "model",
                    "model": "item/prismarine_shard/10"
                }
            },
            {
                "threshold": 12,
                "model": {
                    "type": "model",
                    "model": "item/prismarine_shard/12"
                }
            },
            {
                "threshold": 14,
                "model": {
                    "type": "model",
                    "model": "item/prismarine_shard/14"
                }
            },
            {
                "threshold": 22,
                "model": {
                    "type": "model",
                    "model": "item/prismarine_shard/22"
                }
            },
            {
                "threshold": 24,
                "model": {
                    "type": "model",
                    "model": "item/prismarine_shard/24"
                }
            },
            {
                "threshold": 26,
                "model": {
                    "type": "model",
                    "model": "item/prismarine_shard/26"
                }
            },
            {
                "threshold": 28,
                "model": {
                    "type": "model",
                    "model": "item/prismarine_shard/28"
                }
            },
            {
                "threshold": 30,
                "model": {
                    "type": "model",
                    "model": "item/prismarine_shard/30"
                }
            },
            {
                "threshold": 32,
                "model": {
                    "type": "model",
                    "model": "item/prismarine_shard/32"
                }
            },
            {
                "threshold": 34,
                "model": {
                    "type": "model",
                    "model": "item/prismarine_shard/34"
                }
            },
            {
                "threshold": 42,
                "model": {
                    "type": "model",
                    "model": "item/prismarine_shard/42"
                }
            },
            {
                "threshold": 44,
                "model": {
                    "type": "model",
                    "model": "item/prismarine_shard/44"
                }
            },
            {
                "threshold": 46,
                "model": {
                    "type": "model",
                    "model": "item/prismarine_shard/46"
                }
            },
            {
                "threshold": 48,
                "model": {
                    "type": "model",
                    "model": "item/prismarine_shard/48"
                }
            },
            {
                "threshold": 50,
                "model": {
                    "type": "model",
                    "model": "item/prismarine_shard/50"
                }
            },
            {
                "threshold": 52,
                "model": {
                    "type": "model",
                    "model": "item/prismarine_shard/52"
                }
            },
            {
                "threshold": 54,
                "model": {
                    "type": "model",
                    "model": "item/prismarine_shard/54"
                }
            },
            {
                "threshold": 62,
                "model": {
                    "type": "model",
                    "model": "item/prismarine_shard/62"
                }
            },
            {
                "threshold": 64,
                "model": {
                    "type": "model",
                    "model": "item/prismarine_shard/64"
                }
            },
            {
                "threshold": 66,
                "model": {
                    "type": "model",
                    "model": "item/prismarine_shard/66"
                }
            },
            {
                "threshold": 68,
                "model": {
                    "type": "model",
                    "model": "item/prismarine_shard/68"
                }
            },
            {
                "threshold": 70,
                "model": {
                    "type": "model",
                    "model": "item/prismarine_shard/70"
                }
            },
            {
                "threshold": 72,
                "model": {
                    "type": "model",
                    "model": "item/prismarine_shard/72"
                }
            },
            {
                "threshold": 74,
                "model": {
                    "type": "model",
                    "model": "item/prismarine_shard/74"
                }
            },
            {
                "threshold": 82,
                "model": {
                    "type": "model",
                    "model": "item/prismarine_shard/82"
                }
            },
            {
                "threshold": 84,
                "model": {
                    "type": "model",
                    "model": "item/prismarine_shard/84"
                }
            },
            {
                "threshold": 86,
                "model": {
                    "type": "model",
                    "model": "item/prismarine_shard/86"
                }
            },
            {
                "threshold": 88,
                "model": {
                    "type": "model",
                    "model": "item/prismarine_shard/88"
                }
            },
            {
                "threshold": 90,
                "model": {
                    "type": "model",
                    "model": "item/prismarine_shard/90"
                }
            },
            {
                "threshold": 92,
                "model": {
                    "type": "model",
                    "model": "item/prismarine_shard/92"
                }
            },
            {
                "threshold": 94,
                "model": {
                    "type": "model",
                    "model": "item/prismarine_shard/94"
                }
            },
            {
                "threshold": 96,
                "model": {
                    "type": "model",
                    "model": "item/prismarine_shard/96"
                }
            },
            {
                "threshold": 98,
                "model": {
                    "type": "model",
                    "model": "item/prismarine_shard/98"
                }
            },
            {
                "threshold": 118,
                "model": {
                    "type": "model",
                    "model": "item/prismarine_shard/118"
                }
            },
            {
                "threshold": 138,
                "model": {
                    "type": "model",
                    "model": "item/prismarine_shard/138"
                }
            },
            {
                "threshold": 158,
                "model": {
                    "type": "model",
                    "model": "item/prismarine_shard/158"
                }
            },
            {
                "threshold": 178,
                "model": {
                    "type": "model",
                    "model": "item/prismarine_shard/178"
                }
            }
        ]
    }
}