{
	"parent": "item/handheld",
	"gui_shade": "false",
	"textures": {
		"layer0": "item/prismarine_shard"
	},
	
	"overrides": [
		{"predicate": {"custom_model_data":2}, "model": "item/prismarine_shard/2"},
                {"predicate": {"custom_model_data":4}, "model": "item/prismarine_shard/4"},
                {"predicate": {"custom_model_data":6}, "model": "item/prismarine_shard/6"},
                {"predicate": {"custom_model_data":8}, "model": "item/prismarine_shard/8"},
                {"predicate": {"custom_model_data":10}, "model": "item/prismarine_shard/10"},
                {"predicate": {"custom_model_data":12}, "model": "item/prismarine_shard/12"},
                {"predicate": {"custom_model_data":14}, "model": "item/prismarine_shard/14"},
                {"predicate": {"custom_model_data":22}, "model": "item/prismarine_shard/22"},
                {"predicate": {"custom_model_data":24}, "model": "item/prismarine_shard/24"},
                {"predicate": {"custom_model_data":26}, "model": "item/prismarine_shard/26"},
                {"predicate": {"custom_model_data":28}, "model": "item/prismarine_shard/28"},
                {"predicate": {"custom_model_data":30}, "model": "item/prismarine_shard/30"},
                {"predicate": {"custom_model_data":32}, "model": "item/prismarine_shard/32"},
		{"predicate": {"custom_model_data":34}, "model": "item/prismarine_shard/34"},
                {"predicate": {"custom_model_data":42}, "model": "item/prismarine_shard/42"},
                {"predicate": {"custom_model_data":44}, "model": "item/prismarine_shard/44"},
                {"predicate": {"custom_model_data":46}, "model": "item/prismarine_shard/46"},
                {"predicate": {"custom_model_data":48}, "model": "item/prismarine_shard/48"},
                {"predicate": {"custom_model_data":50}, "model": "item/prismarine_shard/50"},
                {"predicate": {"custom_model_data":52}, "model": "item/prismarine_shard/52"},
		{"predicate": {"custom_model_data":54}, "model": "item/prismarine_shard/54"},
                {"predicate": {"custom_model_data":62}, "model": "item/prismarine_shard/62"},
                {"predicate": {"custom_model_data":64}, "model": "item/prismarine_shard/64"},
                {"predicate": {"custom_model_data":66}, "model": "item/prismarine_shard/66"},
                {"predicate": {"custom_model_data":68}, "model": "item/prismarine_shard/68"},
                {"predicate": {"custom_model_data":70}, "model": "item/prismarine_shard/70"},
                {"predicate": {"custom_model_data":72}, "model": "item/prismarine_shard/72"},
		{"predicate": {"custom_model_data":74}, "model": "item/prismarine_shard/74"},
                {"predicate": {"custom_model_data":82}, "model": "item/prismarine_shard/82"},
                {"predicate": {"custom_model_data":84}, "model": "item/prismarine_shard/84"},
                {"predicate": {"custom_model_data":86}, "model": "item/prismarine_shard/86"},
                {"predicate": {"custom_model_data":88}, "model": "item/prismarine_shard/88"},
                {"predicate": {"custom_model_data":90}, "model": "item/prismarine_shard/90"},
                {"predicate": {"custom_model_data":92}, "model": "item/prismarine_shard/92"},
		{"predicate": {"custom_model_data":94}, "model": "item/prismarine_shard/94"},
		{"predicate": {"custom_model_data":96}, "model": "item/prismarine_shard/96"},
                {"predicate": {"custom_model_data":98}, "model": "item/prismarine_shard/98"},
                {"predicate": {"custom_model_data":118}, "model": "item/prismarine_shard/118"},
                {"predicate": {"custom_model_data":138}, "model": "item/prismarine_shard/138"},
		{"predicate": {"custom_model_data":158}, "model": "item/prismarine_shard/158"},
		{"predicate": {"custom_model_data":178}, "model": "item/prismarine_shard/178"}
	]
}