{
	"credit": "Made with Blockbench",
	"textures": {
		"0": "item/specialitems/repairitem",
		"particle": "item/specialitems/repairitem"
	},
	"elements": [
		{
			"from": [5, 0, 3],
			"to": [15, 5, 6],
			"faces": {
				"north": {"uv": [0, 0, 10, 5], "texture": "#0"},
				"east": {"uv": [11, 0, 14, 5], "texture": "#0"},
				"south": {"uv": [0, 0, 10, 5], "texture": "#0"},
				"west": {"uv": [11, 0, 14, 5], "texture": "#0"},
				"up": {"uv": [0, 6, 10, 9], "texture": "#0"},
				"down": {"uv": [0, 6, 10, 9], "texture": "#0"}
			}
		},
		{
			"from": [7, 6, 4],
			"to": [13, 7, 5],
			"faces": {
				"north": {"uv": [2, 10, 8, 11], "texture": "#0"},
				"east": {"uv": [2, 10, 3, 11], "texture": "#0"},
				"south": {"uv": [2, 10, 8, 11], "texture": "#0"},
				"west": {"uv": [7, 10, 8, 11], "texture": "#0"},
				"up": {"uv": [2, 10, 8, 11], "texture": "#0"},
				"down": {"uv": [2, 10, 8, 11], "texture": "#0"}
			}
		},
		{
			"from": [7, 5, 4],
			"to": [8, 6, 5],
			"faces": {
				"north": {"uv": [0, 0, 1, 1], "texture": "#0"},
				"east": {"uv": [0, 0, 1, 1], "texture": "#0"},
				"south": {"uv": [0, 0, 1, 1], "texture": "#0"},
				"west": {"uv": [0, 0, 1, 1], "texture": "#0"},
				"up": {"uv": [0, 0, 1, 1], "texture": "#missing"},
				"down": {"uv": [0, 0, 1, 1], "texture": "#missing"}
			}
		},
		{
			"from": [12, 5, 4],
			"to": [13, 6, 5],
			"faces": {
				"north": {"uv": [0, 0, 1, 1], "texture": "#0"},
				"east": {"uv": [0, 0, 1, 1], "texture": "#0"},
				"south": {"uv": [0, 0, 1, 1], "texture": "#0"},
				"west": {"uv": [0, 0, 1, 1], "texture": "#0"},
				"up": {"uv": [0, 0, 1, 1], "texture": "#missing"},
				"down": {"uv": [0, 0, 1, 1], "texture": "#missing"}
			}
		}
	],
	"display": {
		"thirdperson_righthand": {
			"rotation": [90, -90, 0],
			"translation": [-3.5, 0, 2.5]
		},
		"thirdperson_lefthand": {
			"rotation": [0, 90, 90],
			"translation": [3.75, 0, 2.5]
		},
		"firstperson_righthand": {
			"rotation": [3.75, -90, 0],
			"translation": [8.75, 3.5, -11],
			"scale": [1.2, 1.2, 1.2]
		},
		"firstperson_lefthand": {
			"rotation": [176.69, -76.11, 167.93],
			"translation": [4, 4.5, -1.75],
			"scale": [0.9, 0.9, 0.9]
		},
		"ground": {
			"translation": [-2, 4.5, 3]
		},
		"gui": {
			"rotation": [-16.03, -20.44, -5.76],
			"translation": [-3, 7, 0],
			"scale": [1.25, 1.25, 1.25]
		},
		"fixed": {
			"translation": [-2.75, 5.25, 3],
			"scale": [1.25, 1.25, 1.25]
		}
	}
}