{
  "providers": [
    {
      "type": "bitmap",
      "file": "minecraft:gui/duels_menu.png",
      "ascent": 28,
      "height": 67,
      "chars": ["\uE000"],
      "widths": [180]
    },
    {
      "type": "bitmap",
      "file": "minecraft:gui/duels_selection.png",
      "ascent": 27,
      "height": 70,
      "chars": ["\uE001"],
      "widths": [180]
    },
    {
      "type": "bitmap",
      "file": "minecraft:gui/locked_hotbar.png",
      "ascent": -43,
      "height": 22,
      "chars": ["\uE002"],
      "widths": [180]
    },
    {
      "type": "space",
      "advances": {
        "{": -8,
        "-": -1
      }
    }
  ]
}
