{
  "parent": "minecraft:item/echo_shard",
  "textures": {
    "layer0": "minecraft:item/echo_shard"
  },
  "overrides": [
    {
      "predicate": {
        "custom_model_data": 1001
      },
      "model": "item/raw_strength_book"
    },
    {
      "predicate": {
        "custom_model_data": 1002
      },
      "model": "item/thunderclap_book"
    },
    {
      "predicate": {
        "custom_model_data": 1003
      },
      "model": "item/dark_sense_book"
    },
    {
      "predicate": {
        "custom_model_data": 1004
      },
      "model": "item/lockdown_book"
    },
    {
      "predicate": {
        "custom_model_data": 1005
      },
      "model": "item/overtime_book"
    },
    {
      "predicate": {
        "custom_model_data": 1006
      },
      "model": "item/fortunes_blessing_book"
    },
    {
      "predicate": {
        "custom_model_data": 1007
      },
      "model": "item/healthy_diet_book"
    },
    {
      "predicate": {
        "custom_model_data": 1008
      },
      "model": ":item/iron_lung_book"
    },
    {
      "predicate": {
        "custom_model_data": 1009
      },
      "model": "item/reinforced_armor_book"
    },
    {
      "predicate": {
        "custom_model_data": 1010
      },
      "model": "item/wind_manipulation_book"
    },
    {
      "predicate": {
        "custom_model_data": 1011
      },
      "model": "item/frostbite_book"
    },
    {
      "predicate": {
        "custom_model_data": 1012
      },
      "model": "item/adrenaline_rush_book"

      },
    {
      "predicate": {
        "custom_model_data": 1013
      },
      "model": "item/luck_book"
    },
    {      "predicate": {
        "custom_model_data": 1014
      },
      "model": "item/ultimate_book"
    },
    {      "predicate": {
        "custom_model_data": 1015
      },
      "model": "item/clover"
    },
    {      "predicate": {
        "custom_model_data": 1016
      },
      "model": "item/luck_expander"
    },
    {     "predicate": {
        "custom_model_data": 1017
      },
      "model": "item/empty_slot"
    },
    {     "predicate": {
        "custom_model_data": 1018
      },
      "model": "item/locked_slot"
    }
  ]
}
