{
  "parent": "item/generated",
  "textures": {
    "layer0": "item/emerald"
  },
  "overrides": [
    { "predicate": { "custom_model_data": 12 }, "model": "item/affluence" },
    { "predicate": { "custom_model_data": 13 }, "model": "item/poison" },
    { "predicate": { "custom_model_data": 14 }, "model": "item/ruin" },
    { "predicate": { "custom_model_data": 15 }, "model": "item/shulker" },
    { "predicate": { "custom_model_data": 16 }, "model": "item/wither" },
    { "predicate": { "custom_model_data": 17 }, "model": "item/amethyst" },
    { "predicate": { "custom_model_data": 18 }, "model": "item/ender" },
    { "predicate": { "custom_model_data": 19 }, "model": "item/brezze" },
    { "predicate": { "custom_model_data": 20 }, "model": "item/magic" },
    { "predicate": { "custom_model_data": 21 }, "model": "item/mech" }
  ]
}