{
    "model": {
        "type": "range_dispatch",
        "property": "custom_model_data",
        "fallback": {
            "type": "model",
            "model": "item/nautilus_shell"
        },
        "entries": [
            {
                "threshold": 200,
                "model": {
                    "type": "model",
                    "model": "item/nautilus_shell/repairitem"
                }
            },
            {
                "threshold": 210,
                "model": {
                    "type": "model",
                    "model": "item/nautilus_shell/reviveitemclosed"
                }
            },
            {
                "threshold": 220,
                "model": {
                    "type": "model",
                    "model": "item/nautilus_shell/revivalitemopen"
                }
            },
            {
                "threshold": 230,
                "model": {
                    "type": "model",
                    "model": "item/nautilus_shell/spiritdagger"
                }
            },
            {
                "threshold": 240,
                "model": {
                    "type": "model",
                    "model": "item/nautilus_shell/gemfragment"
                }
            },
            {
                "threshold": 250,
                "model": {
                    "type": "model",
                    "model": "item/nautilus_shell/totemtoken"
                }
            },
            {
                "threshold": 300,
                "model": {
                    "type": "model",
                    "model": "item/nautilus_shell/bottleofenergy"
                }
            }
        ]
    }
}