{
	"credit": "Made with Blockbench",
	"texture_size": [32, 32],
	"textures": {
		"0": "item/specialitems/bottleofenergy",
		"1": "item/specialitems/energyjuice",
		"particle": "item/specialitems/bottleofenergy"
	},
	"elements": [
		{
			"from": [3, 0, 3],
			"to": [13, 12, 13],
			"faces": {
				"north": {"uv": [0, 0, 2.5, 2.75], "texture": "#0"},
				"east": {"uv": [2.5, 0, 5, 2.75], "texture": "#0"},
				"south": {"uv": [0, 2.75, 2.5, 5.5], "texture": "#0"},
				"west": {"uv": [2.5, 2.75, 5, 5.5], "texture": "#0"},
				"up": {"uv": [7.5, 7.5, 5, 5], "texture": "#0"},
				"down": {"uv": [2.5, 5.5, 0, 8], "texture": "#0"}
			}
		},
		{
			"from": [3, 13, 3],
			"to": [13, 15, 13],
			"faces": {
				"north": {"uv": [4.5, 9.5, 7, 10], "texture": "#0"},
				"east": {"uv": [9.5, 4.75, 12, 5.25], "texture": "#0"},
				"south": {"uv": [9.5, 5.25, 12, 5.75], "texture": "#0"},
				"west": {"uv": [9.5, 5.75, 12, 6.25], "texture": "#0"},
				"up": {"uv": [7.5, 2.5, 5, 0], "texture": "#0"},
				"down": {"uv": [7.5, 2.5, 5, 5], "texture": "#0"}
			}
		},
		{
			"from": [3.5, 12.05, 3.5],
			"to": [12.3, 13.85, 12.3],
			"faces": {
				"north": {"uv": [2.5, 7.75, 4.75, 9], "texture": "#0"},
				"east": {"uv": [0, 8, 2.25, 9.25], "texture": "#0"},
				"south": {"uv": [6.75, 8.25, 9, 9.5], "texture": "#0"},
				"west": {"uv": [2.25, 9, 4.5, 10.25], "texture": "#0"},
				"up": {"uv": [4.75, 7.75, 2.5, 5.5], "texture": "#0"},
				"down": {"uv": [9.75, 0, 7.5, 2.25], "texture": "#0"}
			}
		},
		{
			"from": [4, 10, 4],
			"to": [12, 17, 12],
			"faces": {
				"north": {"uv": [9, 8.25, 11, 9.5], "texture": "#0"},
				"east": {"uv": [0, 9.25, 2, 10.5], "texture": "#0"},
				"south": {"uv": [9.5, 2.25, 11.5, 3.5], "texture": "#0"},
				"west": {"uv": [9.5, 3.5, 11.5, 4.75], "texture": "#0"},
				"up": {"uv": [6.75, 9.5, 4.75, 7.5], "texture": "#0"},
				"down": {"uv": [9.5, 6.25, 7.5, 8.25], "texture": "#0"}
			}
		},
		{
			"from": [4, 17, 4],
			"to": [12, 17.5, 12],
			"faces": {
				"north": {"uv": [9.5, 6.25, 11.5, 6.5], "texture": "#0"},
				"east": {"uv": [9.5, 6.5, 11.5, 6.75], "texture": "#0"},
				"south": {"uv": [9.5, 6.75, 11.5, 7], "texture": "#0"},
				"west": {"uv": [7, 9.5, 9, 9.75], "texture": "#0"},
				"up": {"uv": [9.5, 4.25, 7.5, 2.25], "texture": "#0"},
				"down": {"uv": [9.5, 4.25, 7.5, 6.25], "texture": "#0"}
			}
		},
		{
			"from": [3.25, 0.5, 3.25],
			"to": [12.75, 9.3, 12.75],
			"faces": {
				"north": {"uv": [5, 0, 10, 4.5], "texture": "#1"},
				"east": {"uv": [5, 4.5, 10, 9], "texture": "#1"},
				"south": {"uv": [5, 9, 10, 13.5], "texture": "#1"},
				"west": {"uv": [0, 10, 5, 14.5], "texture": "#1"},
				"up": {"uv": [5, 5, 0, 0], "texture": "#1"},
				"down": {"uv": [5, 5, 0, 10], "texture": "#1"}
			}
		}
	],
	"gui_light": "front",
	"display": {
		"thirdperson_righthand": {
			"translation": [0, -1.75, -1],
			"scale": [0.3, 0.35, 0.3]
		},
		"thirdperson_lefthand": {
			"translation": [0, -1.75, -1],
			"scale": [0.3, 0.35, 0.3]
		},
		"firstperson_righthand": {
			"rotation": [9, 9, 1],
			"translation": [1.75, 3.25, 1.25],
			"scale": [0.2, 0.2, 0.15]
		},
		"firstperson_lefthand": {
			"rotation": [9, 9, 1],
			"translation": [1.75, 3.25, 1.25],
			"scale": [0.2, 0.2, 0.15]
		},
		"ground": {
			"translation": [0, 2, 0],
			"scale": [0.25, 0.25, 0.25]
		},
		"gui": {
			"rotation": [23, 65, -23],
			"translation": [0, -0.5, 0],
			"scale": [0.6, 0.7, 0.7]
		},
		"fixed": {
			"translation": [0, 0, -0.75],
			"scale": [0.7, 0.7, 0.7]
		}
	}
}